name,observer,sell_rank,price,features,rating,nb_evaluation
beyerdynamic DT-770 Pro 250 Ohm,384,                2            ,    129,"Circum-aural,Dynamique,Fermé,Impédance: 250 Ohm,SPL: 96 dB,Bande passante: 5 - 35000 Hz,Champ diffus,Câble torsadé de 3 m avec fiche mini Jack stéréo 3,5 mm,Adaptateur 6,3 mm incl.,Poids avec câble: 375 g,Poids sans câble 278 g,Sacoche incl.",4.8,2069
Shure SRH440,            ,                64            ,    75,"Fermé,Dynamique,Circum-aural,Aimant néodyme,SPL max.: 105 dB/V,Impédance: 44 Ohm,Bande passante: 10 - 22.000 Hz,Puissance admissible: 500 mW,Câble torsadé amovible de 3 m avec fiche mini Jack stéréo 3,5 mm,Poids avec câble: 388 g,Poids sans câble: 315 g,Adaptateur vissable 3,5/6,3 mm et trousse incl.",4.4,237
beyerdynamic DT-770 Pro Softskin Set,            ,                56            ,    145,"Casque studio,Circum-aural,Dynamique,Fermé,Impédance: 250 Ohm,SPL: 96 dB,Bande passante: 5 - 35000 Hz,Champ diffus,Câble torsadé de 3 m avec fiche mini Jack stéréo 3,5 mm,Adaptateur 6,3 mm incl.,Poids avec câble: 375 g,Poids sans câble 278 g,Sacoche incl.,Paire de coussinets,En simili-cuir,Disques de mousse incl.,Couleur: Noir,N° Beyerdynamic: 904.783,DT-550,DT-880,DT-880S,DT-770M",,
Audio-Technica ATH-M30 X,            ,                32            ,    62,"Closed-back,Circumaural (full size),Dynamic,40 mm Drivers with rare earth magnets and copper-clad aluminum wire voice coils,90 Degrees swiveling earcups,Frequency Range: 15 - 22000 Hz,Maximum Power: 1300 mW at 1 kHZ,Impedance: 47 Ohm,Peak SPL: 98 dB,3m Cable with 3,5 mm stereo mini-jack,Single-side cable output,Weight (including cable): 265 g,Weight (excluding cable): 205 g,Colour: Black,Includes 6,3 mm adapter and carry pouch",4.5,141
AKG K-872,            ,                30            ,    999,"Fermé,Circum-aural,Impédance: 36 Ohm,Sensitivité: 112 dB SPL/V,Transducteurs 53 mm,Système d'aimant 1,5 Tesla,Bobines mobiles 2 couches ultra-légères,Bande passante: 5 - 54.000 Hz,Puissance admissible: 300 mW,Câble de 3 m,Fiche LEMO et fiche mini Jack 3,5 mm plaquée or,Poids sans câble: 390 g,Adaptateur 6,3 mm et étui incl.",4.8,23
Shure SRH840,            ,                41            ,    111,"Fermé,Dynamique,Circum-aural,Aimant néodyme,SPL max.: 102 dB/V,Impédance: 44 Ohm,Bande passante: 5 - 25.000 Hz,Puissance admissible: 1000 mW,Câble torsadé amovible de 3 m avec fiche mini Jack stéréo 3,5 mm,Poids avec câble: 448 g,Poids sans câble: 376 g,Adaptateur vissable 3,5/6,3 mm, paire de coussinets et trousse incl.",4.6,220
beyerdynamic DT-150,            ,                53            ,    135,"Fermé,Dynamique,Circum-aural,Impédance: 250 Ohm,Bande passante: 5 - 30.000 Hz,SPL max.: 97 dB/IEC,Câble droit amovible de 3 m - K100.07,Poids avec câble: 385 g,Poids sans câble: 318 g,Couleur: Anthracite",4.8,141
AKG Podcaster Essentials Bundle,            ,                67            ,    222,"Comprend un casque studio AKG K-371 et un microphone USB AKG Lyra,Cours d'enregistrement en ligne en quatre parties de Berklee incl.,Transducteurs de 50 mm enduits de titane,Insonorisation extérieure élevée,Mécanisme de pliage innovant,Coussinets ovales en cuir artificiel,Cheminement de câble d'un seul côté,Circum-aural,Impédance: 32 Ohm,Sensibilité: 114 dB SPL/ V,Bande passante: 5 - 40000 Hz,Poids: 255 g,Câble droit de 3 m, câble droit de 1.2 m, câble torsadé de 3 m, adaptateur 6,3 mm et pochette de rangement incl.,Microphone USB Ultra-HD,4 caractéristiques sélectionnables,Spécialement adapté aux besoins des podcasteurs et des créateurs de contenu,Sortie casque intégrée pour un monitoring sans latence,4 caractéristiques directionnelles commutables: Avant, avant et arrière, stéréo serrée, stéréo large,Résolution: 24 bits/192 kHz,Réponse en fréquence: 20 Hz - 20 kHz,Pression acoustique max.: 129 dB SPL (0,5% THD),Sortie casque avec impédance nominale de 16 Ohm, puissance de sortie (RMS) de 43 mW et réponse en fréquence de 20 Hz à 22000 Hz,Rapport signal/bruit: 98 dB,THD: <0,009 %,Port USB 2.0 type C,Consommation électrique: 75 mA via USB,Poids: 1 kg,Plug n' Play sur PC et Mac via le pilote de classe,Plug n' Play pour les appareils iOS tels que l'iPhone et l'iPad avec le kit appareil photo d'Apple et l'alimentation externe (non fournie),Plug n' Play pour les appareils Android avec Android V9.x ou supérieur en combinaison avec un adaptateur OTG (non inclus)",5,2
AKG K-175,            ,                91            ,    49,"Transducteurs 40 mm,Fermé,Supra-aural,Impédance: 32 Ohm,Sensibilité: 114 dB SPL/V,Réponse en fréquence: 18 - 26000 Hz,Pression sonore caractéristique: 104 dB / V,Pliable,Câble d'un seul côté,Câble amovible de 5 m en spirale,Sac de transport inclus,Poids: 250 g",3.8,6
Audeze LCD-X Creator Leather Free,            ,                27            ,    1.290,"Version 2021,Ouvert,Circum-aural,Transducteurs de 106 mm,Aimants en néodyme,Impédance : 20 Ohm,Pande passante: 5 - 20000 Hz,SPL max.: 130 dB,Bandeau amélioré,Coussinets d'oreille en cuir artificiel,Câble de 1,9 m avec Jack 6,3 mm / mini XLR 4 broches incl.,Malette Economy Travel incl.",,
Audeze LCD-XC Creator Edition New,            ,                35            ,    1.490,"Nouveau serre-tête,Fermé,Circum-auriculaire,Transducteurs 106 mm,Aimants néodyme,Impédance : 20 Ohm,Réponse en fréquence : 5 - 50 000 Hz,Limite du niveau de pression acoustique : 130 dB,Coussinets en cuir véritable,Livré avec câble de 1,9 m avec fiches jack 6,3 mm et mini-XLR 4 broches",4.8,3
Superlux HD-681 B,            ,                72            ,"    21,70","Semi-ouvert,Dynamique,Circum-aural,SPL max.: 98 dB,Impédance: 32 Ohm,Bande passante: 10 - 30.000 Hz,Puissance absorbée: 300 mW,Câble de 2,5 m avec fiche mini Jack stéréo 3,5 mm,Poids avec câble: 277 g,Poids sans câble: 235 g,Adaptateur 3,5/6,3 mm et trousse incl.",4.4,558
the t.bone HD 990D,            ,                8            ,    27,"Idéal pour batteur,Atténuation des bruits ambiants d'env. 22 dBA,Circum-aural,Dynamique,Impédance: 35 Ohm,SPL: 105 dB,Bande passante: 10 - 20.000 Hz,Câble torsadé de 1 m (longueur max. de 4 m),Fiche mini Jack stéréo coudée 3,5 mm,Poids avec câble: 358 g,Poids sans câble: 258 g,Adaptateur vissable 3,5/6,3 mm incl.",3.9,1044
beyerdynamic DT-250/80,            ,                61            ,    159,"Fermé,Dynamique,Circum-aural,Aimant néodyme,Impédance: 80 Ohm,Bande passante: 10 - 30.000 Hz,SPL max.: 100 dB,Câble torsadé avec fiche mini Jack stéréo 3,5 mm,Adaptateur 3,5 / 6,3 mm incl.,Poids avec câble: 347 g,Poids sans câble: 244 g",4.5,33
AKG K-52,            ,                22            ,    28,"Fermé,Circum-aural,Impédance: 32 Ohm,Sensibilité: 110 dB SPL/V,Bande passante: 18 - 20.000 Hz,Puissance admissible: 200 mW,Câble de 2,5 m avec fiche mini Jack stéréo 3,5 mm,Adaptateur 6,3 mm incl.,Poids: 200 g",4.4,153
Ultrasone Pro-900i,            ,                90            ,    398,"Pliable,Dynamique,Fermé,Technologie S-Logic Plus,Technologie ULE (Ultra Low Emission),Transducteurs 40 mm,Membranes en titane/mylar,Bande passante: 6 - 42.000 Hz,Impédance: 40 Ohm,SPL: 96 dB,Câble amovible,Poids sans câble: 295 g,Câble USC (Ultra Soft Cable) de 1,5 m avec fiche mini Jack stéréo 3,5 mm, câble torsadé de 3 m avec fiche Jack stéréo 6,3 mm, étui de transport et paire de coussinets de rechange incl.",4.8,9
Shure SRH1540 B-Stock,            ,                170            ,    399,"Fermé,Dynamique,Circum-aural,Transducteurs en néodyme de 40 mm,Impédance: 46 Ohm,Puissance admissible max: 1000 mW,Bande passante: 5 - 25.000 Hz,Sensibilité: 99 dB / Volt,Câble amovible de 1,8 m, peut se brancher sur l'oreille gauche ou droite,Fiche mini-jack stéréo 3,5 mm plaquée or,Adaptateur jack vissable 3,5 mm / 6,3 mm inclus,Poids sans câble: 292 g / 329 g (avec câble),Coussinets de rechange Alcantara et boîte inclus",4.5,2
Roland RH-A30 B-Stock,            ,                169            ,    139,"Ouvert,SPL max.: 95 dB,Impédance: 40 Ohm,Bande passante: 10 - 25.000 Hz,Câble de 3,4 m avec fiche mini Jack stéréo 3,5 mm,Adaptateur Jack stéréo 6,3 mm incl.,Poids avec câble: 311 g,Poids sans câble: 240 g,Couleur: Argent",,
Fostex T40RP-MKIII Headphone B-Stock,            ,                168            ,    119,"Egalement adapté aux DJs,Fermé,Orthodynamique,Circum-aural,Impédance: 50 Ohm,Sensibilité: 91 dB,Bande passante: 20 - 35.000 Hz,Puissance admissible max: 3000 mW,Poids sans câble: 315 g,1 câble de 1,2 m avec fiche mini Jack stéréo 3,5 mm et 1 câble de 3 m avec fiche Jack stéréo 6,3 mm incl.",,
beyerdynamic DT-880 Pro Black Editi B-Stock,            ,                167            ,    159,,,
V-Moda M-200 B-Stock,            ,                166            ,    271,"Circum-aural,Fermé,Transducteurs de 50 mm,Sensibilité: 101,5 dB à 1 kHz 1 mW,Impédance: 30 Ohm,Bande passante: 5 - 40.000 Hz,Poids: 290 g,Câble microphone 1 bouton SpeakEasy, câble symétrique unilatéral, étui et adaptateur 6,3 mm incl.",,
AKG K-72 B-Stock,            ,                165            ,    33,"Fermé,Circum-aural,Impédance: 32 Ohm,Sensibilité: 112 dB SPL/V,Bande passante: 16 - 20.000 Hz,Puissance admissible: 200 mW,Câble de 3 m avec fiche mini Jack stéréo 3,5 mm,Adaptateur 6,3 mm incl.,Poids: 200 g",,
AKG K-92 B-Stock,            ,                162            ,    41,"Fermé,Circum-aural,Impédance: 32 Ohm,Sensibilité: 113 dB SPL/V,Bande passante: 16 - 22.000 Hz,Puissance admissible: 200 mW,Câble de 3 m avec fiche mini Jack stéréo 3,5 mm,Adaptateur 6,3 mm incl.,Poids: 200 g",,
Superlux HD-665 B-Stock,            ,                158            ,    50,"Circum-aural,Fermé,Transducteurs de 40 mm,SPL max.: 102 dB,Impédance: 68 Ohm,Bande passante: 10 - 20000 Hz,Puissance admissible: 200 mW,Pression de contact: 10 N,Câble droit amovible de 3 m avec fiche mini Jack stéréo 3,5 mm,Poids avec câble: 428 g,Poids sans câble: 372 g,Couleur: Noir,Adaptateur 6,3 mm, clip de maintien et trousse incl.",,
Austrian Audio Hi-X25BT B-Stock,            ,                152            ,    139,"Fermé,Circum-aural,Charnières et arceau en métal pour une durabilité maximale,Pliable pour un transport facile,Coussinets en mousse à mémoire de forme pour un confort maximal,Bluetooth version 5.0,Contrôle tactile,Différentes possibilités de connexion: Analogique via Jack, numérique via USB-C et sans fil via Bluetooth,Batterie lithium polymère intégrée,Autonomie max. de 30 heures,Bande passante: 12 - 24000 Hz,Sensibilité: 113 dB SPL/V,Impédance: 25 Ohm,Puissance d'entrée: 150 mW,Dimensions: 205 x 170 x 80 mm,Poids (sans câble): 270 g,Câble USB-C de 1,2 m avec adaptateur USB-C/USB-A et câble USB-C  vers mini Jack 3,5 mm de 1,4 m avec adaptateur Jack 6,3 mm",,
beyerdynamic DT-250/80 B-Stock,            ,                150            ,    137,"Fermé,Dynamique,Circum-aural,Aimant néodyme,Impédance: 80 Ohm,Bande passante: 10 - 30.000 Hz,SPL max.: 100 dB,Câble torsadé avec fiche mini Jack stéréo 3,5 mm,Adaptateur 3,5 / 6,3 mm incl.,Poids avec câble: 347 g,Poids sans câble: 244 g",,
Sennheiser HD-300 Pro B-Stock,            ,                148            ,    162,"Closed,Circumaural,Impedance: 64 Ohms,Nominal sound pressure level: 108 ± 3 dB SPL / 1 V rms / 1 kHz,Transmission range: 6 -25000 Hz,Harmonic factor <0.1% at 1 kHz,Boundary sound pressure level: 100 dB,Nominal load capacity: 500 mW,Pressing force: 6.0 N ± 0.75 N,Single-sided cable in 1.5m length with 3.5 mm jack plug,Weight without cable: 297 g,Includes 6.3 mm adapter",,
beyerdynamic DT-880 Pro,            ,                165            ,    179,"Semi-ouvert,Dynamique,Circum-aural,Impédance: 250 Ohm,Sensibilité: 96 dB,Bande passante: 5 - 35.000 HZ,Câble torsadé de 3 m avec fiche mini Jack stéréo 3,5 mm,Poids avec câble: 390 g,Poids sans câble: 307 g,Adaptateur 3,5/6,3 mm et trousse incl.",4.8,258
beyerdynamic DT-770 Pro 32 Ohms B-Stock,            ,                147            ,    119,"Fermé,Dynamique,Circum-aural,Impédance: 32 Ohm,Sensibilité: 96 dB,Bande passante: 5 - 35.000 HZ,Champ diffus,Câble de 1,6 m avec fiche mini-jack stéréo 3,5 mm,Poids: 270 g,Adaptateur jack vissable 3,5 mm / 6,3 mm et trousse inclus,Poids sans câble: 278 g / 317 g (avec câble)",4.5,2
KRK KNS 8402 B-Stock,            ,                144            ,    99,"Fermé,Circum-aural,Dynamique,Impédance: 36 Ohm,Bande passante: 5 - 23.000 Hz,SPL max.: 97 dB,Puissance admissible: 500 mW,Coussinets d'oreille en latex/mousse à mémoire de forme,Câble audio de 2,6 m avec fiche mini Jack stéréo 3,5 mm et adaptateur Jack stéréo 6,3 mm,Rallonge de 0,75 m avec contrôle du volume,Dimensions: 245 x 268 x 94 mm,Poids sans câble: 247 g,Sacoche et chiffon de nettoyage incl.",,
Austrian Audio Hi-X55 B-Stock,            ,                151            ,    275,"Fermé,Circum-aural,Charnières et bandeau en métal pour une durabilité maximale,Pliable pour un transport facile,Bande passante: 5 - 28000 Hz,Sensibilité: 128 dB SPL/V,THD: < 0,1% à 1 kHz,Impédance: 25 Ohm,Câble amovible de 3 m avec fiche mini Jack stéréo 3,5 mm,Adaptateur 6,3 mm incl.,Dimensions: 300 x 170 x 85 mm,Poids sans câble: 305 g",,
beyerdynamic DT-770 Pro B-Stock,            ,                145            ,    119,"Circum-aural,Dynamique,Fermé,Impédance: 250 Ohm,SPL: 96 dB,Bande passante: 5 - 35000 Hz,Champ diffus,Câble torsadé de 3 m avec fiche mini Jack stéréo 3,5 mm,Adaptateur 6,3 mm incl.,Poids avec câble: 375 g,Poids sans câble 278 g,Sacoche incl.",4.7,183
AKG K-371 B-Stock,            ,                142            ,    105,"Transducteurs de 50 mm enduits de titane,Insonorisation extérieure élevée,Mécanisme de pliage innovant,Coussinets ovales en cuir artificiel,Cheminement de câble d'un seul côté,Circum-aural,Impédance: 32 Ohm,Sensibilité: 114 dB SPL/ V,Bande passante: 5 - 40000 Hz,Poids: 255 g,Câble droit de 3 m, câble droit de 1.2 m, câble torsadé de 3 m, adaptateur 6,3 mm et pochette de rangement incl.",,
beyerdynamic DT 900 PRO X B-Stock,            ,                138            ,    229,"Dynamique,Ouvert,Circum-aural,Transducteurs STELLAR.45,Impédance: 48 Ohm,Sensibilité: 100 dB SPL / 1 mW à 500 Hz,Bande passante: 5 - 40000 Hz,Puissance admissible max. à court terme: 100 mW,Puissance admissible la plus élevée: 30 mW,TDH à 1 mW: 0,80% à 100 Hz (0,05% à 500 Hz , 0,04% à 1 kHz),Serre-tête en acier à ressort et mousse à mémoire de forme,Coussinets d'oreille et de serre-tête interchangeables,Coussinets d'oreille en velours,Câble amovible avec cheminement d'un seul côté,Poids: 345 g,Câble droit de 3 m avec fiches mini XLR/mini Jack stéréo 3,5 mm et adaptateur 6,35 m incl.,Câble droit de 1,8 m avec fiches mini XLR/mini Jack stéréo 3,5 mm et adaptateur 6,35 m incl.,Sacoche de transport incl.",,
AKG K-701 B-Stock,            ,                148            ,    111,"Ouvert,Dynamique,Circum-aural,Technologie de bobinages plats,Impédance: 62 Ohm,SPL max.: 105 dB,Bande passante: 10 - 39.800 Hz,Puissance admissible: 200 mW,Câble de 3 m avec fiche Jack stéréo 6,3 mm,Poids avec câble: 371 g,Poids sans câble: 296 g",4.6,77
Ultrasone Signature Master,            ,                164            ,    945,"Série Signature,Technologie S-Logic 3,Blindage ULE,Dynamique,Fermé,Circum-aural,Transducteurs de 40 mm en mylar/titane avec ailerons double déflecteur (DDF),Aimants NdFeB,Bande passante: 8 - 42000 Hz,Impédance: 32 Ohm,Niveau de pression acoustique: 98 dB,Coussinets d'oreille et d'arceau en cuir mérinos,Poids: 325 g,Câble droit de 3 m avec Jack TRS 6,35 mm Neutrik, câble de 1,5 m avec mini Jack TRS 3,5 mm Neutrik, câble droit de 1,2 m avec micro, boutons de commande et mini Jack 3,5 mm, deuxième paire de coussinets en cuir végan et boîte de transport de haute qualité incl.",,
Audeze LCD-XC Creator Leather Free,            ,                170            ,    1.490,"Fermé,Circum-aural,Transducteurs de 106 mm,Aimants en néodyme,Impédance : 20 Ohm,Pande passante: 5 - 20000 Hz,SPL max.: 130 dB,Nouveau bandeau,Coussinets d'oreille en cuir artificiel,Câble de 1,9 m avec Jack 6,3 mm / mini XLR 4 broches incl.,Malette Economy Travel incl.",,
beyerdynamic DT-770 Pro/80 Ohms B-Stock,            ,                122            ,    119,"Fermé,Dynamique,Circum-aural,Impédance: 80 Ohm,SPL max.: 96 dB,Bande passante: 5 - 35.000 Hz,Câble droit avec fiche mini Jack stéréo 3,5 mm,Adaptateur vissable 3,5 / 6,3mm incl.,Poids avec câble: 346 g,Poids sans câble: 284 g",4.8,92
HEDD HEDDphone B-Stock,            ,                110            ,    1.499,"Design Over-Ear,Ouvert,Transducteurs ""Air Motion Transformer"" (convertisseur électrodynamique),Puissance: 87 dB/1mW,Impédance: 42 Ohm,Bande passante: 10 Hz - 40 kHz,Câble de 2,2 m avec fiche Jack 6,3 mm vers mini XLR 4 broches,Poids: 718 g",,
Audeze LCD-X Creator Edition  B-Stock,            ,                104            ,    1.190,"Nouveau bandeau amélioré,Ouvert,Circumaural,Pilotes de 106 mm,Aimants néodyme,Impédance: 20 Ohms,Réponse en fréquence: 5 - 20 000 Hz,Niveau de pression sonore limite: 130 dB,Coussinets en cuir,Câble de 1,9 m avec fiche jack 6,3 mm / mini-XLR 4 broches",,
AKG K-812 B-Stock,            ,                94            ,    829,"Dynamique,Ouvert,Circum-aural,Impédance: 36 Ohm,SPL: 110 dB,Bande passante: 5 - 54000 Hz,Puissance admissible: 300 mW,Câble amovible de 3 m,Connecteurs LEMO et mini-jack stéréo 3,5 mm plaqué or,Adaptateur jack 6,3 mm et support de casque en bois inclus,Poids avec câble: 455 g,Poids sans câble: 402 g",4.8,5
beyerdynamic DT 700 PRO X B-Stock,            ,                114            ,    229,"Dynamique,Fermé,Circum-aural,Transducteurs STELLAR.45,Impédance: 48 Ohm,Sensibilité: 100 dB SPL / 1 mW à 500 Hz,Bande passante: 5 - 40000 Hz,Puissance admissible max. à court terme: 100 mW,Puissance admissible la plus élevée: 30 mW,TDH à 1 mW: 0,40% à 100 Hz (0,05% à 500 Hz , 0,04% à 1 kHz),Serre-tête en acier à ressort et mousse à mémoire de forme,Coussinets d'oreille et de serre-tête interchangeables,Coussinets d'oreille en velours,Câble amovible avec cheminement d'un seul côté,Poids: 345 g,Câble droit de 3 m avec fiches mini XLR/mini Jack stéréo 3,5 mm et adaptateur 6,35 m incl.,Câble droit de 1,8 m avec fiches mini XLR/mini Jack stéréo 3,5 mm et adaptateur 6,35 m incl.,Sacoche de transport incl.",,
Yamaha HPH-MT7 White,            ,                29            ,    157,"Idéal pour le mixage/enregistrement/monitoring,Circum-aural,Fermé,Impédance: 49 Ohm,Bande passante: 15 - 25.000 Hz,Puissance admissible: 1600 mW,SPL: 99 dB/mW,Transducteurs 40 mm,Coussinets en simili-cuir,Construction tridimensionnelle,Oreillette amovible (pour mixage à une oreille),En aluminium et ABS,Câble droit de 3 m avec fiche mini Jack stéréo 3,5 mm et adaptateur 6,3 mm,Poids avec câble: 360 g,Couleur: Blanc,Trousse incl.",4.5,15
Audio-Technica ATH-R70 X B-Stock,            ,                117            ,    258,"Circum-aural,Ouvert,système d'arceau 3D,Gestion du câble des deux côtés,Coussinets auto-respirants,Aimants haute performance,Transducteurs 45 mm,Bande passante: 5 - 40.000 Hz,Puissance admissible max.: 1000 mW / 1 kHz,Impédance: 470 Ohm,SPL max.: 98 dB,Poids sans câble: 210 g,Couleur: Noir",,
Behringer HC 2000,            ,                102            ,"    18,90","Circum-auriculaire,Fermé,Transducteurs 40 mm,Réponse en fréquence : 20 - 20000 Hz",3.7,12
Ultrasone Performance 880,            ,                43            ,    288,"Technologie S-Logic Plus Natural Surround Sound,Blindage Mu-métal,Rayonnement réduit (standard ULE),Design Over-Ear,Fermé,Dynamique,Bande passante: 7 - 35.000 Hz,Impédance: 32 Ohm,SPL max.: 94 dB,Transducteurs 40 mm,Membranes PET,Revêtement en titane,Aimants NdFeB,Coussinets en cuir protéiné,Poids sans câble: 274 g,1 câble amovible de 3 m avec fiche mini Jack 3,5 mm plaquée or incl.,1 câble amovible de 1,2 m avec micro, télécommande et fiche coudée mini Jack 3,5 mm,Adaptateur 3,5 / 6,3 mm et  étui en néoprène incl.,Coussinets en velours incl.",4.7,16
Mackie MC-100,            ,                65            ,    29,"Circum-aural,Son studio détaillé et incomparable Mackie,Transducteurs de 40 mm précis offrant une excellente transparence de tout le spectre de fréquences,La reproduction amplifiée des graves reproduit exactement les basses et très basses fréquences - les notes de basse individuelles ou les grosse caisse peuvent être très bien entendues,Forme ergonomique,Oreillettes pivotantes à 15°,Serre-tête rembourré et réglable, coussinets échangeables confortables pour un ajustement ergonomique et des heures de confort, tout en offrant une réponse optimale des graves et une atténuation des bruits extérieurs,Conception robuste et durable,Pliable pour un rangement facile et peu encombrant,Idéal pour le monitoring studio, DJ, enregistrement sur le terrain, coute personnelle et plus encore,Bande passante: 15 - 20000 Hz,Impédance: 32 Ohm,Sensibilité: 95 dB,Câble de 3 m,Poids: 233 g,Adaptateur Jack 6,3 mm plaqué or incl.",4.4,9
Superlux HD-661 Orange,            ,                122            ,    29,"Fermé,Dynamique,Circum-aural,SPL max: 102 dB,Impédance: 68 Ohm,Réponse en fréquence: 10 - 20.000 Hz,Puissance d'entrée admissible: 200 mW,Câble de 1 m avec fiche mini-jack 3,5 mm,Câble de 3 m avec fiche mini-jack 3,5 mm,Poids sans câble: 225 g / 246 g (avec),Adaptateur jack 3,5 / 6,3 mm et trousse inclus,Couleur: Orange",4,40
Superlux HD-661 White,            ,                130            ,    29,"Fermé,Dynamique,Circum-aural,SPL max.: 102 dB,Impédance: 68 Ohm,Bande passante: 10 - 20.000 Hz,Puissance absorbée: 200 mW,Câble de 1 m avec fiche mini Jack stéréo 3,5 mm,Câble de 3 m avec fiche mini Jack stéréo 3,5 mm,Poids avec câble: 246 g,Poids sans câble: 225 g,Adaptateur 3,5/6,3 mm et trousse incl.,Couleur: Blanc",4,48
Ultrasone Signature Pro,            ,                151            ,    775,"Technologie S-Logic Plus,Dynamique,Fermé,Bande passante: 8 - 42000Hz,Impédance: 32 Ohm,SPL max.: 98 dB,Transducteurs 40mm avec revêtement en titane,Technologie de blindage ULE,Coussinets et bandeau en cuir,1 câble droit de 3 m avec fiche Neutrik Jack stéréo 6,3 mm plaquée or et connectique B-Lock incl.,1 câble droit de 1,5 m avec fiche coudée Neutrik Jack stéréo 6,3 mm plaquée or et connectique B-Lock incl.,Poids avec câble: 351 g,Poids sans câble: 312 g",4.5,7
Avantone Mixphones MP-1 Black,            ,                135            ,    198,"Closed,Circumaural,Large 50 mm driver,Impedance: 16 Ohm,Sound pressure level: 113 dB,Transmission range: 18 - 25,000 Hz,2 detachable cables: 3 m straight cable, approx. 1 m coiled cable,Screw-on stereo adapter 3.5 / 6.3 mm,Weight: 550 g,Incl. Carrying bag",3.8,8
Maono Studio Monitor Headphones,            ,                113            ,    38,"Fermé,Dynamique,Bande passante: 20 - 20000 Hz,Impédance: 32 Ohm,Sensibilité: 110 dB +/-3 dB à 1 mW,Puissance d'entrée max.: 100 mW,Diamètre des transducteurs: 50 mm,Câble amovible de 3 m avec fiche mini Jack 3,5 mm,Adaptateur 6,3 mm incl.",,
AIAIAI TMA-2 Studio XE,            ,                137            ,    179,"Construction : fermé,Circumauriculaire,Transducteurs : S05,Membranes en biocellulose,Transducteur en néodyme de haute qualité de 40 mm,Réponse en fréquence : 20 Hz - 20 kHz,Sortie maximale : 100 mW,Niveau de pression sonore : 113 dB,Impédance : 32 Ohm,Coussinets en Alcantara E04,Bandeau en polycarbonate H01 avec rembourrage en microfibre,Câble spiralé C02,Longueur du câble : 1,5 m,Fiche mini-jack 3,5 mm,Adaptateur inclus,Poids sans câble : 260 g",,
ESI eXtra 10,            ,                8            ,    57,"Consists of headphones and modelling software,Recreates the acoustic environment of a recording studio control room in the headphones and corrects the frequency response,Software can be used as a plug-in in the DAW or as a stand-alone version,Dynamic, semi-closed monitoring headphones in studio quality (can also be used without modelling software),Impedance: 32 Ohm,Sensitivity: 94dB SPL,Frequency response: 15 - 29000 Hz,With 3.5 mm stereo jack incl. screw adapter to 6.3 mm stereo jack,Cable length: approx. 2.5 m,Includes dSONIC Realphone ESI Edition modelling software (download licence),Supported formats: VST2 / VST3 / AU / AAXnative,System requirements: Win7 or higher, Mac OS X 10.9 or higher, Internet connection",4.3,6
Avantone Mixphones MP-1,            ,                124            ,    198,"Fermé,Circum-aural,Transducteurs 50 mm,Impédance: 16 Ohm,SPL: 113 dB,Bande passante: 18 - 25.000 Hz,2 câbles amovibles: 1 x droit de 3 m, 1 x torsadé d'env. 1 m,Adaptateur vissable 3,5/6,3 mm,Poids: 550 g,Trousse incl.",4.3,12
Tascam TH-06,            ,                30            ,    75,"Reproduction améliorée des graves,Fermé,Circum-aural,Oreillettes pivotantes à 180°,Transducteurs de 45 mm avec aimants en néodyme NdFeB,Serre-tête stable, flexible et léger en manganèse,Bande passante: 10 - 26000 Hz,Puissance admissible max.: 1850 mW,Puissance nominale: 320 mW,Impédance: 45 Ohm,Sensibilité: 94 dB (± 3 dB),Câble d'env. 3 m,Fiche mini Jack stéréo 3,5 mm plaquée or avec adaptateur vissable 6,3 mm,Dimensions: 160 x 200 x 80 mm,Poids: 310 g",2.7,2
beyerdynamic DT-100/16-B,            ,                127            ,    155,"Fermé,Dynamique,Circum-aural,Impédance: 16 Ohm,Bande passante: 30 - 20.000 Hz,SPL max.: 94 dB,Câble de 3 m avec fiche Jack stéréo 6,3 mm - K100.07-3,0m,Poids avec câble: 414 g,Poids sans câble: 343 g,Couleur: Noir",4.3,7
Ultrasone Signature Natural,            ,                85            ,    645,"Série Signature,Technologie S-Logic 3,Blindage ULE,Dynamique,Fermé,Circum-aural,Transducteurs de 40 mm en mylar/titane avec ailerons double déflecteur (DDF),Aimants NdFeB,Bande passante: 8 - 40.000 Hz,Impédance: 32 Ohm,Niveau de pression acoustique: 98 dB,Coussinets d'oreille et d'arceau en cuir artificiel végan,Poids: 310 g,Câble torsadé de 3 m avec Jack TRS 6,35 mm, câble de 1,2 m avec mini Jack TRS 3,5 mm, câble droit de 1,2 m avec micro, boutons de commande et mini Jack 3,5 mm, deuxième paire de coussinets et boîte de transport de haute qualité incl.",,
Austrian Audio Hi-X55,            ,                79            ,    296,"Closed studio headphones,Circumaural,Metal hinges and temples for maximum durability,Foldable for easy transport,Frequency range: 5 to 28,000 Hz,Sensitivity: 118 dB SPL / V,Total harmonic distortion (@ 1 kHz): <0.1%,Impedance: 25 ohms,Detachable cable, length 3 m,Connector: 3.5 mm including adapter to 6.3 mm,Dimensions: 300 x 170 x 85 mm,Weight (without cable): 305 g",4.3,46
beyerdynamic DT-100/400-B,            ,                122            ,    149,"Fermé,Dynamique,Circum-aural,Impédance: 400 Ohm,Bande passante: 30 - 20.000 Hz,SPL max.: 94 dB/IEC,Câble de 3,15 m - K100.07,Poids avec câble: 414 g,Poids sans câble: 343 g,Couleur: Noir",4.2,10
Superlux HD-662 WH Evo,            ,                126            ,    33,"Dynamique,Circum-aural,Fermé,SPL max.: 98 dB,Impédance: 32 Ohm,Bande passante: 10 - 30.000 Hz,Puissance admissible: 200 mW,2 câbles (1 x 1 m et 1 x 3 m) avec fiches mini Jack stéréo 3,5 mm incl.,Poids sans câble: 286 g,Couleur: Blanc,Trousse de transport, adaptateur 3,5/6,3 mm et paire de coussinets en velours incl.",4.2,60
Ultrasone Signature DXP,            ,                19            ,    498,"S-Logic Plus technology,50 mm Driver (mylar),Magnet NdFeB (neodymium),Closed,Circumaural,Dynamic,Impedance: 32 ohms,Sound pressure level: 115 dB,Transmission range: 5 - 30,000 Hz,ULE technology (ultra low emission),Removable cables,3m Spiral cable with gold-plated 6.3 mm jack plug,1.2m Straight cable with gold-plated 3.5 mm jack plug,Weight without cable: 290 g,5-Year manufacturer's warranty",5,3
Superlux HD-662 B,            ,                109            ,    32,"Bon rendu des basses,Fermé,Dynamique,Circum-aural,SPL max.: 98 dB,Impédance: 32 Ohm,Bande passante: 10 - 30.000 Hz,Puissance absorbée: 300 mW,Câble de 2,5 m avec fiche mini Jack stéréo 3,5 mm,Poids avec câble: 298 g,Poids sans câble: 252 g,Adaptateur 3,5/6,3mm et trousse incl.",4.3,123
Fostex T50RP-Mk3 Headphone,            ,                102            ,    159,"Idéal pour le mixage et le monitoring,Semi-ouvert,Orthodynamique,Circum-aural,Impédance: 50 Ohm,Sensibilité: 92 dB,Bande passante: 15 - 35.000 Hz,Niveau d'entrée max: 3000 mW,Poids sans câble: 315 g,1 câble de 1,2 m avec fiche mini-jack stéréo 3,5 mm et 1 câble de 3 m avec fiche jack stéréo 6,3 mm inclus",4.5,29
beyerdynamic DT-250/250,            ,                99            ,    198,"Fermé,Dynamique,Circum-aural,Aimant néodyme,Impédance: 250 Ohm,Bande passante: 10 - 30.000 Hz,SPL max.: 100 dB,Câble torsadé avec fiche mini Jack stéréo 3,5 mm,Adaptateur 3,5 / 6,3 mm incl.,Poids avec câble: 344 g,Poids sans câble: 242 g",4.4,25
Superlux HD-669,            ,                86            ,    32,"Ideal as stage monitor and in the studio,High external noise reduction,Linear response with defined, powerful bass,Circumaural,Closed,Dynamic,Neodymium magnets,Peak SPL: 98 dB,Impedance 56 Ohm,Frequency range: 10 - 30,000 Hz,Power capacity: 200 mW,Detachable cable,1 m and 3 m cables with 3.5 mm stereo jack,Weight with cable: 300 g,Weight without cable: 244 g,Includes: Carry bag and 6.3 mm stereo jack adaptor",4.2,275
Austrian Audio Hi-X50,            ,                103            ,    245,"Fermé,Supra-aural,Charnières et serre-tête en métal pour une durabilité maximale,Pliable pour un transport facile,Bande passante: 5 - 28000 Hz,Sensibilité: 118 dB SPL/V,Distorsion harmonique totale (à 1 kHz): < 0,1%,Impédance: 25 Ohm,Puissance admissible: 150 mW,Câble amovible de 3 m,Fiche mini Jack stéréo 3,5 mm,Dimensions: 300 x 170 x 85 mm,Poids sans câble: 280 g,Adaptateur Jack 6,3 mm incl.",5,1
Shure SRH940,            ,                94            ,    212,"Closed-back,Circumaural,Dynamic,Neodymium magnet,Nominal impedance: 42 Ohm,Max. input level: 1000 mW,Frequency response: 5 - 30 000 Hz,SPL: 100dBV,Folding head band,Single-sided cable connector,3 m spiral cable,2.5 m straight cable,With 3.5 mm jack connector,Weight with cable: 362 g,Weight without cable: 322 g,Incl. Screw-on 6.3 mm jack adapter, replacement ear polsters and travel bag",4.2,71
Aiaiai TMA-2 Modular All-Round Preset,            ,                150            ,    139,"Son équilibré, adapté à tous les types de musique,SPL max: 117 dB,Impédance: 32 Ohm,Unité de haut-parleurs S01 avec transducteurs 40 mm en néodyme,Coussinets E01 en microfibre,Serre-tête H01 en polycarbonate avec rembourrage en mousse PU,Câble droit C01 de 1,2 m avec microphone, télécommande à 1 bouton et fiche mini Jack stéréo 3,5 mm",4,4
Mackie MC-350,            ,                105            ,    177,"Fermé,Bande passante: 20 - 20000 Hz,Impédance: 32 Ohm,Transducteurs de 50 mm,SPL: 97 dB,Bandeau réglable de haute qualité en cuir,Coussinets en mousse à mémoire de forme,Câble interchangeable de haute qualité avec connecteur à baïonnette verrouillable,Câble droit revêtu de tissu de 300 cm incl.,Câble torsadé de 122 cm incl.,Câble droit de 122 cm avec commande téléphonique et microphone incl.,Adaptateur 1/4"" plaqué or,Poids: 370 g,Couleur: Noir,Trousse incl.",5,4
Audeze LCD-2 Classic Closed New,            ,                42            ,    888,"Fermé,Circum-aural,Sensibilité (1W/1mW): 97 dB,Aimants en néodyme (N50),Impédance: 70 Ohm,Bande passante: 10 - 50000 Hz,Coussinets sans cuir et serre-tête avec suspension en acier à ressort,Câble de 1,9 m avec Jack 6,3 mm/mini XLR 4 broches et coussinets en cuir artificiel incl.",,
Sennheiser HD-300 PROtect,            ,                83            ,    225,"La technologie ActiveGard protège contre les crêtes de volume supérieures à 110 dB,Fermé,Circum-auriculaire,Impédance : 64 Ohm,Niveau de pression acoustique nominal : 108 ±3 dB SPL / 1 V RMS / 1 kHz,Réponse en fréquence : 6 - 25000 Hz,Facteur de distorsion: < 0,1 % à 1 kHz,Niveau de pression acoustique limite : 100 dB,Puissance nominale : 500 mW,Force de traction : 6,0 N ± 0,75 N,Câble de 1,5 m avec fiche mini-jack 3,5 mm que d'un côté,Poids sans câble : 297 g,Livré avec adaptateur jack 6,3 mm",4.9,10
Adam Studio Pro SP-5,            ,                93            ,    629,"Développé en coopération avec Ultrasone,Technologie S-Logic Plus,Transducteurs 40 mm plaqués or,Technologie ULE (blindage magnétique),Fermé,Dynamique,Impédance : 70 Ohm,Réponse en fréquence : 8 - 38 000 Hz,Sensibilité : 95 dB,Poids : 290 g,Livré avec boîtier robuste, câble en spirale de 3 m (avec fiche jack 6,3 mm) et câble droit de 1,2 m (avec fiche mini-jack 3,5 mm)",4.5,14
KRK KNS 6402,            ,                132            ,    89,"Fermé,Circum-aural,Dynamique,Transducteurs de 40 mm,Impédance: 36 Ohm,Bande passante: 10 Hz - 22 kHz,SPL max.: 95 dB (1w/1m),Puissance admissible: 500 mW,Atténuation du bruit extérieur jusqu'à 26 dBA,Coussinets d'oreille en mousse froide,Câble amovible de 2,6 m avec fiche mini Jack stéréo 3,5 mm et adaptateur Jack stéréo 6,3 mm,Dimensions: 245 x 268 x 94 mm,Poids sans câble: 202 g,Sacoche et chiffon de nettoyage incl.",,
AIAIAI TMA-2 Modular dj Preset,            ,                11            ,    189,"Idéal pour les performaces live et le DJing,SPL max: 117 dB,Impédance: 32 Ohm,Unité de haut-parleurs S02 avec transducteurs 40 mm recouverts de titane,Coussinets E02 en polyuréthane,Serre-tête H02 en nylon,Câble torsadé C02 de 1,5 m avec fiche mini Jack stéréo 3,5 mm et adaptateur 6,3 mm",4.7,17
Superlux HD-662,            ,                50            ,    32,"Fermé,Dynamique,Circum-aural,SPL max.: 98 dB,Impédance: 32 Ohm,Bande passante: 10 - 30.000 Hz,Puissance absorbée: 300 mW,Câble de 2,5 m avec fiche mini Jack stéréo 3,5 mm,Poids avec câble: 292 g,Poids sans câble: 245 g,Adaptateur 3,5/6,3 mm et trousse incl.",4.2,351
Shure SRH1540,            ,                82            ,    438,"Fermé,Dynamique,Circum-aural,Transducteurs en néodyme de 40 mm,Impédance: 46 Ohm,Puissance admissible max: 1000 mW,Bande passante: 5 - 25.000 Hz,Sensibilité: 99 dB / Volt,Câble amovible de 1,8 m, peut se brancher sur l'oreille gauche ou droite,Fiche mini-jack stéréo 3,5 mm plaquée or,Adaptateur jack vissable 3,5 mm / 6,3 mm inclus,Poids sans câble: 292 g / 329 g (avec câble),Coussinets de rechange Alcantara et boîte inclus",4.6,20
Mackie MC-250,            ,                115            ,    99,"Circum-aural,Transducteurs de 50 mm de qualité de référence avec une sécurité contre la saturation élevée et une restitution précise de tout le spectre de fréquences,Oreillettes pivotantes offrant des graves puissants et des aigus détaillés,Bandeau rembourré et réglable, coussinets échangeables confortables pour un ajustement ergonomique et des heures de confort, tout en offrant une réponse optimale des graves et une atténuation des bruits extérieurs,Design robuste et durable répondant à toutes les exigences,Pliable pour un stockage facile et peu encombrant,Idéal pour l'enregistrement, le mixage en studio, l'écoute critique et plus encore,Réponse en fréquence: 8 - 20000 Hz,Impédance: 32 Ohm,Sensibilité: 100 dB,Câble droit amovible de 3 m avec connecteur casque à baïonnette verrouillable,Poids: 265 g,Adaptateur Jack 6,3 mm plaqué or et étui de transport inclus",4.4,18
Fostex T60RP Headphone,            ,                107            ,    299,"Construction semi-ouverte,Orthodynamique,Entourant l'oreille avec des coquilles d'oreille acajou,Impédance: 50 Ohms,Sensibilité: 92 dB,Réponse en fréquence: 15 - 35 000 Hz,Niveau d'entrée: 3000 mW,Poids (sans câble): environ 380 g,Câble de connexion ET-RP3.5UB enfichable avec fiche mini-jack stéréo 3,5 mm, adaptateur jack stéréo 3,5 mm vers 6,3 mm et mallette de transport inclus",4.4,8
Presonus HD7,            ,                98            ,    48,"Semi-ouvert,Circum-aural,Reproduction précise des graves,Transducteurs de 50 mm avec aimants en néodyme,Bande passante: 10 - 30.000 Hz,Impédance: 32 Ohm,Câble droit de 2,5 m incl.,Adaptateur Jack 3,5/6,3 mm incl.,Poids sans câble: 220 g",4.4,31
Mackie MC-150,            ,                106            ,    79,"Circum-aural,Transducteurs de 50 mm de qualité de référence avec une sécurité contre la saturation élevée et une restitution précise de tout le spectre de fréquences,Oreillettes pivotantes à 15° offrant des graves puissants et des aigus détaillés,Serre-tête rembourré et réglable, coussinets échangeables confortables pour un ajustement ergonomique et des heures de confort, tout en offrant une réponse optimale des graves et une atténuation des bruits extérieurs,Design robuste et durable répondant à toutes les exigences,Pliable pour un stockage facile et peu encombrant,Idéal pour l'enregistrement, le mixage en studio, l'écoute critique et plus encore,Bande passante: 15 - 20000 Hz,Impédance: 32 Ohm,Sensibilité: 86 dB,Câble droit amovible de 3 m avec connecteur à baïonnette verrouillable,Poids: 265 g,Adaptateur Jack 6,3 mm plaqué or et trousse incl.",4.4,19
Superlux HD-681 F,            ,                114            ,    28,"Semi-ouvert,Dynamique,Circum-aural,SPL max.: 98 dB,Impédance: 32 Ohm,Bande passante: 10 - 30.000 Hz,Puissance absorbée: 300 mW,Câble de 2,5 m avec fiche mini Jack stéréo 3,5 mm,Poids avec câble: 275 g,Poids sans câble: 330 g,Adaptateur 3,5/6,3 mm et trousse incl.",4.3,144
Yamaha HPH-MT7 Black,            ,                15            ,    145,"Idéal pour le mixage/enregistrement/monitoring,Circum-aural,Fermé,Impédance: 49 Ohm,Bande passante: 15 - 25.000 Hz,Puissance admissible: 1600 mW,SPL: 99 dB/mW,Transducteurs 40 mm,Coussinets en simili-cuir,Construction tridimensionnelle,Oreillette amovible (pour mixage à une oreille),En aluminium et ABS,Câble droit de 3 m avec fiche mini Jack stéréo 3,5 mm et adaptateur 6,3 mm,Poids avec câble: 360 g,Couleur: Noir,Trousse incl.",4.5,14
Superlux HD-665,            ,                81            ,    54,"Circum-aural,Fermé,Transducteurs de 40 mm,SPL max.: 102 dB,Impédance: 68 Ohm,Bande passante: 10 - 20000 Hz,Puissance admissible: 200 mW,Pression de contact: 10 N,Câble droit amovible de 3 m avec fiche mini Jack stéréo 3,5 mm,Poids avec câble: 428 g,Poids sans câble: 372 g,Couleur: Noir,Adaptateur 6,3 mm, clip de maintien et trousse incl.",4.2,183
Shure SRH240,            ,                90            ,    49,"Fermé,Dynamique,Circum-aural,Aimant en néodyme,SPL max.: 107dB/V,Impédance: 38 Ohm,Bande passante: 20 - 20.000 Hz,Puissance admissible: 500 mW,Câble de 2 m avec fiche mini Jack stéréo 3,5 mm,Poids avec câble: 255 g,Poids sans câble: 235 g,Adaptateur vissable 3,5/6,3 mm incl.",4.2,111
beyerdynamic DT-770 Pro LTD/250,            ,                89            ,    249,"Avec limiteur 99 dB,Dynamique,Fermé,Circum-aural,Champ diffus,Impédance: 250 Ohm,Bande passante: 5 - 35.000 Hz,Câble avec fiche mini Jack stéréo 3,5 mm,Poids avec câble: 384 g,Poids sans câble: 287 g,Adaptateur 3,5 / 6,3 mm incl.",4.8,9
KRK KNS 6400,            ,                80            ,    69,"Fermé,Dynamique,Circum-aural,Transducteurs 40 mm,Atténuation acoustique externe jusqu'à 26 dBA,Impédance: 36 Ohm,Bande passante: 10 - 22.000 Hz,SPL max.: 95 dB,Puissance admissible: 500 mW,Câble amovible de 2,6 m avec fiche mini Jack stéréo 3,5 mm,Adaptateur 3,5/6,3 mm incl.,Coussinets en mousse,Dimensions: 245 x 268 x 94 mm,Poids avec câble: 254 g,Poids sans câble: 217 g,Trousse et chiffon de nettoyage incl.",4.3,38
Ultrasone Performance 880 Sirius Set,            ,                50            ,    288,"Over-Ear Headphones,S-Logic PLUS technology,Natural Surround sound,ULE Technology,MU Metal shielding,Low radiation after ULE standard,Over-ear design,Closed,Dynamic principle,Frequency range 7 - 35000 Hz,Impedance: 32 Ohm,Sound pressure: 94 dB,40 mm Sound transducer,PET Membrane,Titanium-coated,Magnet: NdFeB,Protein leather ear pads,Weight without cable: 274 g,Incl. 2 detachable cables (1x 3m cable with gold-plated 3.5 mm plug and 6.3 mm adapter, 1x 1.2m with mic and remote control with 3.5 mm angled plug), neoprene case and additional pair of velour ear pads,Bluetooth Transmitter,For Ultrasone performance series,AptX Bluetooth Codec,Integrated headphone amplifier,Controls for volume and start / pause,Up to 12 hours operating time,Weight: 12 g",,
HEDD HEDDphone,            ,                81            ,    1.599,"Design Over-Ear,Ouvert,Transducteurs ""Air Motion Transformer"" (convertisseur électrodynamique),Puissance: 87 dB/1mW,Impédance: 42 Ohm,Bande passante: 10 Hz - 40 kHz,Câble de 2,2 m avec fiche Jack 6,3 mm vers mini XLR 4 broches,Poids: 718 g",5,6
Behringer HPS5000,            ,                108            ,"    19,90","Fermé,Large bande de fréquences,Graves définis et aigus transparents,Transducteurs de 40 mm,Bande passante: 20 Hz - 20000 Hz,Impédance: 32 Ohm,Sensibilité: 96 dB,Câble torsadé de 2,5 m avec fiche mini Jack stéréo 3,5 mm et adaptateur 6,3 mm",3.9,37
the t.bone HD 880,            ,                45            ,"    24,60","Idéal pour PC, interfaces, pianos numériques et claviers arrangeurs,Dynamique,Fermé,Circum-aural,Aimant en néodyme,Impédance: 64 Ohm,Bande passante: 20 Hz - 20 Khz,SPL max.: 104 dB,Puissance admissible: 1000 mW,Câble de 3 m,Adaptateur 3,5/6,3 mm,Poids avec câble: 245 g,Poids sans câble: 196 g",3.9,652
Superlux HD-662 F,            ,                88            ,    32,"Rendu très linéaire,Fermé,Dynamique,Circum-aural,Transducteurs 50 mm,SPL max.: 98 dB,Impédance: 32 Ohm,Bande passante: 10 - 30.000 Hz,Puissance absorbée: 200 mW,Câble de 2,5 m avec fiche mini Jack stéréo 3,5 mm,Poids avec câble: 291 g,Poids sans câble: 249 g,Adaptateur 3,5/6,3 mm et trousse incl.",4.3,352
the t.bone HD 1000,            ,                55            ,"    19,60","Fermé,Circumaural,Les oreillettes sont rotatives et s'adaptent à différentes formes de tête,Pivote à 180° permettant d'entendre d'un seul côté,Coussinets d'oreille souples pour un confort de port total,Réponse en fréquence : 10 - 25000 Hz,Niveau maximal (± 3 dB @1 kHz) : 101 dB,Impédance : 32 Ohm,Puissance admissible : 30 mW,100 mW crête,Longueur du câble : 2 m,Fiche mini-jack 3,5 mm,Poids : 200 g,Livré avec adaptateur 6,3 mm inclus",4.1,35
Behringer HPS3000,            ,                87            ,"    12,60","Fermé,Impédance: 64 Ohm,Puissance d'entrée: 100 mW,Bande passante: 20 - 20.000 Hz,SPL max.: 110 dB / 1 kHz,Câble droit de 2m avec connecteur Jack 6,3mm,Poids: 300 gr",4,241
Superlux HD-662 BK Evo,            ,                100            ,    33,"Dynamique,Circum-aural,Fermé,SPL max.: 98 dB,Impédance: 32 Ohm,Bande passante: 10 - 30.000 Hz,Puissance admissible: 200 mW,2 câbles (1 x 1 m et 1 x 3 m) avec fiches mini Jack stéréo 3,5 mm incl.,Poids sans câble: 286 g,Couleur: Noir,Trousse de transport, adaptateur 3,5/6,3 mm et paire de coussinets en velours incl.",4.3,80
Slate Audio VSX Modeling Headphones,            ,                20            ,    489,"Combinaison d'un casque spécialement conçu et d'un plug-in de modélisation pour la perception binaurale,Répliques authentiques de studios professionnels, de salles de mastering, d'autoradios, de systèmes audio de club et d'autres environnements,Environnements d'écoute coordonnés avec précision, où que vous soyez,Plug-in de modélisation intégré dans le DAW via le bus de mixage,Casque SX avec ransducteurs hybrides légers en béryllium pour des réponses impulsionnelles linéaires,Casque stéréo neutre, dynamique et fermé (utilisable également sans logiciel de modélisation),Bande passante du casque SX: 20 - 20000 Hz,Impédance: 37 Ohm,Câble droit de 2 m et adaptateur Jack 6,3 mm incl.",4.1,14
Audio-Technica ATH-M50 X WH,            ,                65            ,    133,"Fermé,Dynamique,Circum-aural,Transducteurs de 45 mm avec aimants en néodyme et bobines CCAW,Oreillettes pivotantes à 90°,Coussinets d'oreille en cuir artificiel,Bande passante: 15 - 28.000 Hz,Puissance admissible max: 1600 mW / 1 kHz,Impédance: 38 Ohm,SPL max.: 99 dB,Câble amovible,1 câble torsadé de 1,2 m incl.,2 câbles droits de 1,2 m et 3 m incl.,Adaptateur 6,3 mm et trousse incl.,Poids avec câble: 341 g,Poids sans câble: 287 g,Couleur: Blanc",4.8,60
Sennheiser HD-26 Pro,            ,                53            ,    269,"Bouton marche / arrêt,Fermé,Circumaural,Impédance: 100 Ohm,Réponse en fréquence: 20 - 18000 Hz,Sensibilité: 105 dB,Charge max: 200 mW,Câble droit de 1,5 mètres et fiche mini-jack 3,5 mm avec adaptateur jack 6,3 mm,Poids sans câble: 171 g / 219 g (avec câble)",4.7,36
KRK KNS 8402,            ,                45            ,    119,"Fermé,Circum-aural,Dynamique,Impédance: 36 Ohm,Bande passante: 5 - 23.000 Hz,SPL max.: 97 dB,Puissance admissible: 500 mW,Coussinets d'oreille en latex/mousse à mémoire de forme,Câble audio de 2,6 m avec fiche mini Jack stéréo 3,5 mm et adaptateur Jack stéréo 6,3 mm,Rallonge de 0,75 m avec contrôle du volume,Dimensions: 245 x 268 x 94 mm,Poids sans câble: 247 g,Sacoche et chiffon de nettoyage incl.",5,1
Ultrasone Signature Studio,            ,                100            ,    443,"Technologie S-Logic Plus,Transducteurs 40 mm revêtus en titane,Aimant NdFeB (néodyme),Fermé,Circumaural,Dynamique,Impédance: 32 Ohms,Niveau de pression sonore 98 dB,Réponse en fréquence: 8 - 40000 Hz,Technologie ULE (émission ultra faible),Câble détachable avec connexion B-Lock,Câble spiralé de 3 m avec fiche jack 6,3 mm plaquée or,Câble droit de 1,2 m avec fiche mini-jack 3,5 mm plaquée or,Poids sans câble: 290 g,Garantie constructeur de 5 ans",4,4
Audeze LCD-GX,            ,                62            ,    955,"Type : ouvert,Circumauriculaire,Réponse en fréquence : 10 - 50 000 Hz,Facteur de distorsion <0,1% @ 100 dB,Impédance : 20 Ohm,Niveau de pression acoustique max. : 130 dB,Circuit d'attaque magnétostatique planaire pour une gamme dynamique et une réponse en fréquence améliorées,Matériaux de qualité,Bandeau élastique,Boîtier en magnésium léger,Câbles amovibles,Microphone détachable avec filtre anti-pop pour la réduction du bruit,Commande de sourdine pour l'entrée du microphone,Comprend une mallette de transport, un câble GX avec microphone (connecteur TRRS 3,5 mm), un câble standard de la série LCD sans microphone (fiche jack 6,35 mm), un séparateur (3,5 mm TRRS vers deux connecteurs TRS 3,5 mm pour l'audio et le microphone) et un adaptateur jack 6,3 mm,Poids sans câble : 493 g",4.7,3
Austrian Audio Hi-X15,            ,                64            ,    99,"Fermé,Circum-aural,Charnières et arceau en métal pour une durabilité maximale,Pliable pour un transport facile,Coussinets en mousse à mémoire de forme pour un confort maximal,Bande passante: 12 - 24000 Hz,Sensibilité: 113 dB SPL/V,Impédance: 25 Ohm,Puissance d'entrée: 150 mW,Câble amovible de 1,4 m avec fiche mini Jack 3,5 mm et adaptateur 6,3 mm,Dimensions: 205 x 170 x 80 mm,Poids (sans câble): 255 g",4.6,7
Sennheiser HD-300 Pro,            ,                43            ,    175,"Fermé,Circum-auriculaire,Impédance : 64 Ohm,Niveau de pression acoustique nominal : 108 ±3 dB SPL / 1 V RMS / 1 kHz,Réponse en fréquence : 6 - 25000 Hz,Facteur de distorsion: < 0,1 % à 1 kHz,Niveau de pression acoustique limite : 100 dB,Puissance nominale : 500 mW,Force de traction : 6,0 N ± 0,75 N,Câble de 1,5 m avec fiche mini-jack 3,5 mm que d'un côté,Poids sans câble : 297 g,Livré avec adaptateur jack 6,3 mm",4.6,37
Austrian Audio Hi-X25BT,            ,                46            ,    149,"Fermé,Circum-aural,Charnières et arceau en métal pour une durabilité maximale,Pliable pour un transport facile,Coussinets en mousse à mémoire de forme pour un confort maximal,Bluetooth version 5.0,Contrôle tactile,Différentes possibilités de connexion: Analogique via Jack, numérique via USB-C et sans fil via Bluetooth,Batterie lithium polymère intégrée,Autonomie max. de 30 heures,Bande passante: 12 - 24000 Hz,Sensibilité: 113 dB SPL/V,Impédance: 25 Ohm,Puissance d'entrée: 150 mW,Dimensions: 205 x 170 x 80 mm,Poids (sans câble): 270 g,Câble USB-C de 1,2 m avec adaptateur USB-C/USB-A et câble USB-C  vers mini Jack 3,5 mm de 1,4 m avec adaptateur Jack 6,3 mm",4,4
AKG K-72,            ,                16            ,    37,"Fermé,Circum-aural,Impédance: 32 Ohm,Sensibilité: 112 dB SPL/V,Bande passante: 16 - 20.000 Hz,Puissance admissible: 200 mW,Câble de 3 m avec fiche mini Jack stéréo 3,5 mm,Adaptateur 6,3 mm incl.,Poids: 200 g",4.4,112
Fostex TH909,            ,                58            ,    1.799,"Aimant au néodyme avec une densité de flux magnétique de 1,5 Tesla pour une dynamique impressionnante,Membrane Foster / Fostex'Biodyna' pour une reproduction sonore fine et de haute qualité,Coffret en merisier japonais ornés avec d'excellentes propriétés acoustiques,Finition vernie ""Urushi"" de fabrication manuelle traditionnelle,Coussinets en similicuir (uréthane) à faible résilience,Câble cuivre OFC 7N (99,99%) et boîtier de connecteur en duralumin robuste,Support de casque élégant inclus dans la livraison,Pilote dynamique : Aimant néodyme de 50 mm / Membrane bio-dynamique,Impédance : 25 Ohm,Sensibilité : 100dB / mW,Puissance d'entrée maximale : 1 800 mW,Réponse en fréquence : 5 Hz - 45 kHz,Poids : 390g (sans câble),Câble : amovible, longueur 3 m, fiche jack stéréo asymétrique 6,3 mm,Inclus : support pour casque d'écoute",4.8,3
Superlux HD-668 B,            ,                78            ,    33,"Circumaural,Semi-open,Dynamic,Self-adjusting headband for comfort,Peak SPL: 98 dB,Impedance 56 Ohm,Frequency range: 10 - 30,000 Hz,Power capacity: 300 mW,Detachable cable,1 m and 3 m cables with 3.5 mm stereo jack,Weight with cable: 251 g,Weight without cable: 228 g,Includes: 6.3 mm stereo jack and bag adaptor",4.5,695
Fostex TH-900 mk2,            ,                87            ,    1.499,"Dynamique impressionnante avec 1,5 de flux magnétique Tesla,Membrane Foster / Fostex 'Biodyna membrane pour la reproduction audio et sonore haute résolution,Boitier en merisier rouge japonais avec d'excellentes propriétés acoustiques,Finition de vernis ""Urushi"", travail manuel traditionnel,Logo Fostex en de feuilles de platine sur le boitier,Coussinets d'oreille en cuir protéique (obtenus à partir d'une membrane d'œuf),Câble en cuivre 7N OFC (99,99%) et boîtier de connecteur robuste en duralumin,Livraison: casque et mallette de transport,Dynamique,Transducteurs: aimant de néodyme de 50 mm / membrane ""bio-dynamique"",Impédance: 25 Ohm,Sensibilité: 100 dB / mW,Puissance de niveau admissible: 1 800 mW,Réponse en fréquence: 5 à 45000 Hz,Poids: 390 g (sans câble),Câble amovible de 3 m,Fiche stéréo asymétrique jack 6,3 mm,Poids: 120 g (Modèle ET-H3.0N7UB)",4.7,3
beyerdynamic DT-1990 Pro 250 Ohm,            ,                9            ,    429,"Pour mixage et mastering,Technologie Tesla 2.0,Dynamique,Ouvert,Circum-aural,Impédance: 250 Ohm,SPL: 102 dB (1 mW/500 Hz),Bande passante: 5 - 40000 Hz,Puissance admissible: 200 mW,Câble droit de 3 m,Câble torsadé de 5 m (tendu),Fiche mini XLR 3 broches,Poids sans câble: 370 g,Adaptateur 6,3 mm, coussinets en velours et étui en cuir artificiel incl.",4.8,157
Audio-Technica ATH-M70 X,            ,                12            ,    255,"Fermé,Dynamique,Supra-aural,Transducteurs 45 mm avec aimants en terres rares et et bobines d'aluminium recouvert de cuivre (CCAW),Oreillettes pivotantes à 90°,Bande passante: 5 - 40.000 Hz,Puissance admissible max: 2000 mW / 1 kHz,Impédance: 38 Ohm,SPL: 97 dB,Câble amovible,1 câble torsadé de 1,2 m inclus,2 câbles de 1,2 m (droit et en spirale) et câble droit de 3 m inclus,Couleur: noir,Poids: 307 g (avec câble) / 283 g (sans câble)",4.3,64
Presonus HD9,            ,                84            ,    59,"Design ajusté avec précision,Fermé,Circumaural,Écouteurs mobiles sur 2 axes et 180°,Reproduction précise des basses fréquences,Driver néodyme dynamique 45 mm,Réponse en fréquence : 10 - 26.000 Hz,Câble de raccordement droit 3 m,Livré avec adaptateur jack de 3,5 mm à 6,35 mm et sac de rangement",4.5,33
Neumann NDH 20,            ,                47            ,    449,"Gamme de fréquence : 5 Hz - 30 kHz (-3 dB),Transducteurs dynamiques de 38 mm avec aimants néodyme,Impédance : 150 Ohm,Puissance nominale : 200 mW,Sensibilité (1 kHz, 1 Vrms) : 114 dBSPL,Facteur de distorsion (1 kHz, 100 dBSPL) : < 0,10%.,Coussinets d'oreille en mousse à mémoire de forme,Bandeau réglable et flexible en acier,Cache-oreille en aluminium léger,Casque pliable,Fiche mini-jack stéréo 3,5 mm,Poids (sans câble) : 388 g,Livré avec adaptateur vers jack stéréo 6,3 mm, câble droit et câble en spirale, sac en tissu et guide de démarrage rapide",4.7,24
Denon DJ HP1100,            ,                10            ,    119,"Dynamique,Fermé,Coussinets d'oreille pivotants à 180° avec articulations renforcées,Conception compacte et pliable pour une grande portabilité,Câble de connexion en spirale avec isolation élastique,Décharge de traction renforcée pour une grande fiabilité,Rembourrage confortable du bandeau pour une utilisation prolongée,Coussinets d'oreilles interchangeables (en option),Niveau d'entrée max. : 3500 mW,Impédance : 66 Ohm,Type de convertisseur : Dynamique,Transducteurs large bande de 53 mm,Réponse en fréquence : 5 à 33 000 Hz,Sensibilité : (1 mW) 101 dB/mW (JEITA),Connexion : mini-jack 3,5 mm,Longueur du câble : 1,2 m enroulé / 3 m déroulé,Poids : 450 g,Livré avec sacoche pour écouteurs en cuir synthétique et adaptateur jack 6,3 mm",4.8,3
Roland RH-A30,            ,                129            ,    149,"Ouvert,SPL max.: 95 dB,Impédance: 40 Ohm,Bande passante: 10 - 25.000 Hz,Câble de 3,4 m avec fiche mini Jack stéréo 3,5 mm,Adaptateur Jack stéréo 6,3 mm incl.,Poids avec câble: 311 g,Poids sans câble: 240 g,Couleur: Argent",4.6,12
Behringer BH 470,            ,                49            ,    22,"Circum-auriculaire,Fermé,Pliable,Transducteurs 40 mm,Réponse en fréquence : 20 - 20000 Hz",4.5,86
Austrian Audio Hi-X65,            ,                44            ,    349,"Ouvert,Circum-aural,Charnières et arceau en métal pour une durabilité maximale,Pliable pour un transport facile,Bande passante: 5 - 28000 Hz,Sensibilité: 110 dB SPL/V,TDH à 1 kHz: < 0,1%,Impédance: 25 Ohm,Puissance admissible: 150 mW,Dimensions: 200 x 170 x 85 mm,Poids sans câble: 310 g,Câbles amovibles (3 et 1,2 m) avec fiche mini Jack stéréo 3,5 mm et adaptateur Jack stéréo 6,3 mm incl.",4.4,8
AKG K-612 Pro,            ,                64            ,    115,"Open-back,Circumaural,Dynamic,Impedance: 120 Ohm,Frequency range: 12 - 39500 Hz,Max. input level: 200 mW,Stereo plug connector 3.5 mm,Cable length: 3 m,Weight with cable: 307 g,Weight without cable: 260 g",4.5,90
Sennheiser HD-25 Light New Version,            ,                7            ,    99,"Modèle successeur du Sennheiser HD-25 SP-II/HD-25 Light,Avec la même technologie que le HD-25,Dynamique,Fermé,Supra-aural,Impédance : 70 Ohm,Niveau de pression acoustique max. : 120 dB (1 kHz,1 Vrms),Réponse en fréquence : 16 - 22000 Hz,Câble de 1,5 m avec fiche jack droite, fiche mini-jack stéréo 3,5 mm avec adaptateur 6,3 mm,Poids sans câble : 406 g",4.3,13
Superlux HD-681 Evo WH,            ,                60            ,    33,"Semi-ouvert,Circum-aural,Dynamique,Transducteurs 50 mm,SPL max.: 98 dB,Impédance: 32 Ohm,Bande passante: 10 - 30.000 Hz,Puissance admissible: 300 mW,Câbles de 1 m et 3 m avec fiches mini Jack stéréo 3,5 mm,Poids avec câble: 291 g,Poids sans câble: 269 g,Couleur: Blanc,Adaptateur 3,5/6,3 mm, paire de coussinets en velours et trousse incl.",4.4,340
Austrian Audio Hi-X60,            ,                34            ,    339,"Fermé,Circum-aural,Charnières et serre-tête en métal pour une durabilité maximale,Pliable pour un transport facile,Bande passante: 5 - 28000 Hz,Sensibilité: 110 dB SPL/V,TDH à 1 kHz: < 0,1%,Impédance: 25 Ohm,Puissance admissible: 150 mW,Fiche mini Jack 3,5 mm avec adaptateur 6,3 mm,Dimensions: 200 x 170 x 85 mm,Poids sans câble: 320 g,Câbles amovibles de 3 m et 1,2 m incl.",,
AKG K-361,            ,                34            ,    85,"Convient pour le studio, la scène et sur la route,Fermé,Cirum-auriculaire,Transducteurs 50 mm,Impédance : 32 Ohm,Sensibilité : 114 dB SPL/ V,Réponse en fréquence : 15 - 28000 Hz,Insonorisation extérieure élevée,Système de bandeau automatique,Mécanisme de pliage innovant,Coussinets d'oreille ovales en similicuir,Cheminement de câble d'un seul côté,Pliable,Poids : 219 g,Livré avec 2 câbles (3 m et 1,2 m de long), adaptateur jack 6,3 mm et sac de rangement",4.5,42
AKG K-182,            ,                13            ,    88,"Fermé,Circumaural,Haute atténuation du bruit ambiant,Pilotes 50 mm,Impédance: 32 Ohm,Sensibilité: 112 dB SPL / V,Réponse en fréquence: 10-28000 Hz,Puissance nominale: 500 mW,Mécanisme de pliage 3D Axis,Poids sans câble: 255 g,Couleur: Noir,Câble de 3 m amovible et adaptateur jack 6,3 mm inclus",4.4,105
Sennheiser HD-400 Pro,            ,                48            ,    249,"Ouvert,Circum-aural,Impédance: 120 Ohm,SPL: 110 dB (1 kHz / 1 V RMS),Bande passante: 6 - 38000 Hz,TDH: < 0,05 % à 1 kHz/90 dB SPL,Cheminement de câble d'un seul côté,Poids sans câble: 240 g,Câble de 1,5 m avec fiche mini Jack 3,5 mm, câble torsadé de 3 m avec fiche mini Jack 3,5 mm et adaptateur 6,3 mm incl.",4,1
beyerdynamic DT 700 PRO X,            ,                5            ,    249,"Dynamique,Fermé,Circum-aural,Transducteurs STELLAR.45,Impédance: 48 Ohm,Sensibilité: 100 dB SPL / 1 mW à 500 Hz,Bande passante: 5 - 40000 Hz,Puissance admissible max. à court terme: 100 mW,Puissance admissible la plus élevée: 30 mW,TDH à 1 mW: 0,40% à 100 Hz (0,05% à 500 Hz , 0,04% à 1 kHz),Serre-tête en acier à ressort et mousse à mémoire de forme,Coussinets d'oreille et de serre-tête interchangeables,Coussinets d'oreille en velours,Câble amovible avec cheminement d'un seul côté,Poids: 345 g,Câble droit de 3 m avec fiches mini XLR/mini Jack stéréo 3,5 mm et adaptateur 6,35 m incl.,Câble droit de 1,8 m avec fiches mini XLR/mini Jack stéréo 3,5 mm et adaptateur 6,35 m incl.,Sacoche de transport incl.",4.9,14
AKG K-92,            ,                32            ,    44,"Fermé,Circum-aural,Impédance: 32 Ohm,Sensibilité: 113 dB SPL/V,Bande passante: 16 - 22.000 Hz,Puissance admissible: 200 mW,Câble de 3 m avec fiche mini Jack stéréo 3,5 mm,Adaptateur 6,3 mm incl.,Poids: 200 g",4.3,231
AKG K-701,            ,                28            ,    129,"Ouvert,Dynamique,Circum-aural,Technologie de bobinages plats,Impédance: 62 Ohm,SPL max.: 105 dB,Bande passante: 10 - 39.800 Hz,Puissance admissible: 200 mW,Câble de 3 m avec fiche Jack stéréo 6,3 mm,Poids avec câble: 371 g,Poids sans câble: 296 g",4.6,448
Superlux HD-681 Evo BK,            ,                26            ,    31,"Semi-ouvert,Circum-aural,Dynamique,Transducteurs 50 mm,SPL max.: 98 dB,Impédance: 32 Ohm,Bande passante: 10 - 30.000 Hz,Puissance admissible: 300 mW,Câbles de 1 m et 3 m avec fiches mini Jack stéréo 3,5 mm,Poids sans câble: 276 g,Couleur: Noir,Adaptateur 3,5/6,3 mm, paire de coussinets en velours et trousse incl.",4.4,707
Superlux HD-681,            ,                3            ,"    24,70","Semi-ouvert,Dynamique,Circum-aural,SPL max.: 98 dB,Impédance: 32 Ohm,Bande passante: 10 - 30.000 Hz,Puissance absorbée: 300 mW,THD: 100 mW à 1 KHZ <1%,Serre-tête bandeau auto-ajustable pour un bon confort,Câble de 2,5 m avec fiche mini Jack stéréo 3,5 mm,Poids avec câble: 278 g,Poids sans câble: 230 g,Adaptateur 3,5/6,3mm et trousse incl.",4.5,2640
AKG K-712 Pro,            ,                11            ,    222,"Ouvert,Dynamique,Circum-aural,Impédance: 62 Ohm,Sensibilité: 105 dB,Bande passante: 10 - 39.800 Hz,Puissance admissible: 200 mW,Câble amovible de 3 m avec fiche mini Jack stéréo 3,5 mm,Adaptateur 3,5/6,3 mm et câble torsadé incl.,Poids avec câble: 356 g,Poids sans câble: 300 g",4.7,307
Audeze LCD-X Creator Edition New,            ,                9            ,    1.290,"Nouveau bandeau amélioré,Ouvert,Circumaural,Pilotes de 106 mm,Aimants néodyme,Impédance: 20 Ohms,Réponse en fréquence: 5 - 20 000 Hz,Niveau de pression sonore limite: 130 dB,Coussinets en cuir,Câble de 1,9 m avec fiche jack 6,3 mm / mini-XLR 4 broches",4.8,23
Superlux HD-660 Pro 150 Ohms,            ,                24            ,    38,"Circum-aural,Fermé,Dynamique,Transducteurs de 40 mm,Aimants en néodyme,SPL max.: 92 dB,Impédance: 150 Ohm,Bande passante: 10 - 30.000 Hz,Cheminement du câble d'un seul côté,Câble de 2 m,Poids: 323 g,Adaptateur 6,3 mm et pochette incl.",4.5,47
Focal Listen Professional,            ,                37            ,    189,"Fermé,Circum-aural,Technologie de conversion pour la transparence acoustique et la dynamique,Impédance: 32 Ohms,Sensibilité (@ 1 kHz - / 1 Vrms): 122 dB SPL,THD (THD, @ 1 kHz / 100 dB SPL): 0,3%,Réponse en fréquence: 5 Hz à 22 kHz,Connexion: mini-jack 3,5 mm avec 4 contacts,Dimensions: 239 x 212 x 111 mm,Poids: 280 g,Câble en spirale (5 m) et câble droit (1,4 m) inclus",4.4,37
Focal Clear MG Professional,            ,                26            ,    1.429,"Ouvert,Circum-aural,Transducteurs en magnésium de 40 mm,Dynamique élevée grâce au design optimisé de la calotte,Grand confort grâce aux coussinets en microfibre perforée et à l'arceau en aluminium,Son équilibré sur tout le spectre,Impédance: 55 Ohm,Sensibilité: 104 dB SPL / 1 mW à 1 kHz,THD: 0,25% à 1 kHz / 100 dB SPL,Bande passante: 5 - 28000 Hz,Dimensions (LxPxH): 250 x 240 x 120 mm,Poids: 450 g,Câble torsadé de 5 m, câble droit de 1,2 m, adaptateur 3,5/6,35 mm, 2 coussinets de rechange et un sac de transport incl.",5,3
Sony MDR-7506,            ,                12            ,    99,"Fermé,Circum-aural,Impédance: 63 Ohm,SPL max.: 106 dB,Bande passante: 10 - 20.000 Hz,Câble de 1,2 m avec fiche mini Jack stéréo 3,5 mm,Adaptateur vissable 6,3 mm incl.,Poids avec câble: 298 g,Poids sans câble: 230 g,Trousse incl.",4.7,477
AKG K-240 MKII,            ,                10            ,    61,"Semi-ouvert,Circum-aural,Dynamique,Impédance nominale: 55 Ohm,Puissance admissible: 200 mW,Bande passante: 15 - 25000 Hz,SPL max.: 104 dB/V,Câble droit de 3 m avec fiche mini Jack stéréo 3,5 mm,Poids avec câble: 281 g,Poids sans câble: 226 g,Câble torsadé de 5 m avec fiche mini Jack stéréo 3,5 mm, paire de coussinets en velours et adaptateur vissable 3,5/6,3 mm incl.",4.6,463
Audio-Technica ATH-R70 X,            ,                32            ,    299,"Circum-aural,Ouvert,système d'arceau 3D,Gestion du câble des deux côtés,Coussinets auto-respirants,Aimants haute performance,Transducteurs 45 mm,Bande passante: 5 - 40.000 Hz,Puissance admissible max.: 1000 mW / 1 kHz,Impédance: 470 Ohm,SPL max.: 98 dB,Poids sans câble: 210 g,Couleur: Noir",4.9,38
AKG K-271 MKII,            ,                12            ,    89,"Fermé,Dynamique,Circum-aural,Impédance nominale: 55 Ohm,Puissance admissible: 200 mW,Bande passante: 16 - 28000 Hz,SPL max.: 104dB/V,Bandeau avec arrêt automatique,Câble droit de 3m avec fiche mini Jack stéréo 3,5mm,Poids avec câble: 295 g,Poids sans câble: 239 g,Câble torsadé de 5m avec fiche mini Jack 3,5mm, paire de coussinets et adaptateur vissable 3,5/6,3mm incl.",4.6,822
beyerdynamic DT-240 Pro,            ,                19            ,    66,"Pour applications studio ou mobile,Fermé,Dynamique,Circumaural,Impédance: 34 Ohm,Réponse en fréquence: 5 à 35 000 Hz,SPL Max: 119 dB (SPL nominal: 99 dB),Très bonne atténuation du bruit extérieur,Câble en spirale unilatéral de 1,25 m,Poids sans câble: 196 g,Sac de transport et adaptateur de 6,3 mm inclus",4.5,120
AKG K-371,            ,                17            ,    115,"Transducteurs de 50 mm enduits de titane,Insonorisation extérieure élevée,Mécanisme de pliage innovant,Coussinets ovales en cuir artificiel,Cheminement de câble d'un seul côté,Circum-aural,Impédance: 32 Ohm,Sensibilité: 114 dB SPL/ V,Bande passante: 5 - 40000 Hz,Poids: 255 g,Câble droit de 3 m, câble droit de 1.2 m, câble torsadé de 3 m, adaptateur 6,3 mm et pochette de rangement incl.",4.6,121
Audio-Technica ATH-M40 X,            ,                2            ,    88,"Fermé,Dynamique,Circum-aural,Transducteurs 40 mm avec aimants en néodyme et bobines CCAW,Oreillettes pivotantes à 90°,Bande passante: 15 - 24000 Hz,Puissance admissible max: 1600 mW / 1 kHz,Impédance: 35 Ohm,SPL max.: 97 dB,Câbles amovibles,1 câble torsadé de 1,2 -3 m incl.,1 câble droit de 3 m incl.,Adaptateur 6,3 mm et trousse incl.,Poids avec câble: 300 g,Poids sans câble: 241 g,Couleur: Noir",4.6,405
Audeze LCD-2 Classic Open System,            ,                24            ,    798,"Ouvert,Circumaural,Pilote: 106 mm,Aimants en néodyme (N50),Impédance: 70 Ohms,Réponse en fréquence: 10 - 50 000 Hz,Sensibilité: 101 dB / 1 mW,Oreillettes et serre-tête en cuir synthétique avec suspension en acier à ressort,Câble de 1,9 m avec jack 6,3 mm / mini-XLR 4 broches",4.7,8
Sennheiser HD-200 Pro,            ,                22            ,    59,"Fermé,Câble d'un seul côté,Dynamique,Fermé,Pression acoustique max. : 108 dB SPL @ 1 kHz,Impédance : 32 Ohm,Puissance nominale : 500 mW,Rponse en fréquence : 20 -20000 Hz,Câble de 2 m avec fiche jack 6,3 mm,Poids : 184 g",4.1,31
beyerdynamic DT 900 PRO X,            ,                8            ,    249,"Dynamique,Ouvert,Circum-aural,Transducteurs STELLAR.45,Impédance: 48 Ohm,Sensibilité: 100 dB SPL / 1 mW à 500 Hz,Bande passante: 5 - 40000 Hz,Puissance admissible max. à court terme: 100 mW,Puissance admissible la plus élevée: 30 mW,TDH à 1 mW: 0,80% à 100 Hz (0,05% à 500 Hz , 0,04% à 1 kHz),Serre-tête en acier à ressort et mousse à mémoire de forme,Coussinets d'oreille et de serre-tête interchangeables,Coussinets d'oreille en velours,Câble amovible avec cheminement d'un seul côté,Poids: 345 g,Câble droit de 3 m avec fiches mini XLR/mini Jack stéréo 3,5 mm et adaptateur 6,35 m incl.,Câble droit de 1,8 m avec fiches mini XLR/mini Jack stéréo 3,5 mm et adaptateur 6,35 m incl.,Sacoche de transport incl.",4.7,13
beyerdynamic DT-770 M,            ,                31            ,    139,"Idéal pour batteur et studio,Atténuation des bruits ambiants jusqu'à 35 dBA,Fermé,Circum-aural,Dynamique,SPL: 105 dB,Bande passante: 5 - 30.000 Hz,Impédance: 80 Ohm,Contrôle du volume sur le câble,Câble droit de 3 m,Poids avec câble: 354 g,Poids sans câble: 288 g,Trousse incl.",4.4,245
AKG K-702,            ,                8            ,    129,"Flat-wire voice coil technology,Varimotion two-layer diaphragm guarantees transient response,Open,Circumaural (full size),Dynamic,Impedance: 62 Ohm,Peak SPL: 105 dB,Frequency range: 10 - 39800 Hz,Max input power: 200 mW,3,5 mm Stereo jack connector,Cable length: 3 m,Weight with cable: 362 g,Weight without cable: 300 g,Includes: 6,3 mm jack adapter",4.7,468
beyerdynamic DT-1770 Pro 250 Ohm,            ,                22            ,    425,"Pour mixage, mastering et monitoring,Technologie Tesla 2.0,Dynamique,Fermé,Circum-aural,Impédance: 250 Ohm,SPL: 102 dB,Bande passante: 5 - 40.000 Hz,Puissance admissible: 200 mW,Câble droit de 3 m et câble torsadé de 5 m (tendu) avec fiches XLR 3 broches,Adaptateur 6,3 mm, coussinets en simili-cuir et étui incl.,Poids avec câble: 440 g,Poids sans câble: 376 g",4.7,90
AKG K-240 Studio,            ,                6            ,    55,"Dynamique,Semi-ouvert,Circum-aural,Impédance nominale: 55 Ohm,Bande passante: 15 - 25000 Hz,Sensibilité: 104 dB/V,THD: <0,3 %,Puissance admissible: 200 mW,Bandeau auto-réglable pour un ajustement parfait,Nouvelles capsules XXL,Cheminement de câble d'un seul côté,Câble amovible de 3 m avec fiche mini XLR et fiche mini Jack stéréo 3,5 mm plaquée or,Poids avec câble: 284 g,Poids sans câble: 229 g,Adaptateur 6,3 mm incl.",4.6,956
AKG K-812,            ,                21            ,    898,"Dynamique,Ouvert,Circum-aural,Impédance: 36 Ohm,SPL: 110 dB,Bande passante: 5 - 54000 Hz,Puissance admissible: 300 mW,Câble amovible de 3 m,Connecteurs LEMO et mini-jack stéréo 3,5 mm plaqué or,Adaptateur jack 6,3 mm et support de casque en bois inclus,Poids avec câble: 455 g,Poids sans câble: 402 g",4.8,73
beyerdynamic DT-770 Pro 32 Ohm,            ,                11            ,    129,"Fermé,Dynamique,Circum-aural,Impédance: 32 Ohm,Sensibilité: 96 dB,Bande passante: 5 - 35.000 HZ,Champ diffus,Câble de 1,6 m avec fiche mini-jack stéréo 3,5 mm,Poids: 270 g,Adaptateur jack vissable 3,5 mm / 6,3 mm et trousse inclus,Poids sans câble: 278 g / 317 g (avec câble)",4.7,244
Audio-Technica ATH-M50 X,            ,                6            ,    118,"Fermé,Dynamique,Circum-aural,Transducteurs de 45 mm avec aimants en néodyme et bobines CCAW,Oreillettes pivotantes à 90°,Coussinets d'oreille en cuir artificiel,Bande passante: 15 - 28.000 Hz,Puissance admissible max: 1600 mW / 1 kHz,Impédance: 38 Ohm,SPL max.: 99 dB,Câble amovible,1 câble torsadé de 1,2 m incl.,2 câbles droits de 1,2 m et 3 m incl.,Adaptateur 6,3 mm et trousse incl.,Poids avec câble: 341 g,Poids sans câble: 287 g,Couleur: Noir",4.7,812
beyerdynamic DT-990 Pro,            ,                3            ,    129,"Ouvert,Dynamique,Circum-aural,Impédance: 250 Ohm,Sensibilité: 96 dB / mW,Bande passante: 5 - 35.000 Hz,Câble torsadé de 3 m avec fiche mini-jack stéréo 3,5 mm,Poids avec câble: 364 g,Poids sans câble: 271 g,Livré avc adaptateur jack vissable 3,5/6,3 mm et sacoche",4.8,1057
beyerdynamic DT-770 Pro 80 Ohm,114,                1            ,    129,"Closed-back,Circumaural design,Dynamic,Diffuse-field equalised,Impedance: 80 Ohm,Sensitivity SPL (sound pressure level): 96 dB,Frequency response: 5 - 35,000 Hz,3 m straight single-sided cable with 3.5 mm connector,Screw-on adapter to 6.3 mm stereo jack,Weight with cable: 346 g,Weight without cable: 284 g",4.8,1717
Dexibell DX HF7,            ,                123            ,    98,"Fermé à l'arrière,Pilotes 45 mm,Impédance de charge: 40 Ohm,SPL efficace: 98 dB (±3 dB),Réponse en fréquence: 10 Hz - 26000 Hz,Niveau d'entrée Max: 300 mW,Câble de 3 mètres avec fiche mini-jack stéréo 3,5 mm et adaptateur vissable 6,3 mm,Poids: 308 g (sans câble),Couleur: noir",4.5,8
Yamaha HPH-MT5W,            ,                118            ,    99,"Supra-aural,Fermé,Impédance: 51 Ohm,Réponse en fréquence: 20 - 20000 Hz,Niveau d'entrée max: 1600 mW,SPL: 100 dB/mW,Transducteurs 40 mm CCAW,Cordon d'un seul côté,Cuir synthétique,Oreillettes pivotantes et amovible pour écoute 1 oreille,Boitier en ABS épais et robuste et bandeau en aluminium moulé,Cpable droit de 3 mètres avec fiche mini-jack 3,5 mm,Adaptateur vers fiche jack 6,3 mm inclus,Sac de transport inclus,Poids sans câble: 250 g,Couleur: noir et blanc",4.5,15
V-Moda M-200,            ,                140            ,    315,"Circum-aural,Fermé,Transducteurs de 50 mm,Sensibilité: 101,5 dB à 1 kHz 1 mW,Impédance: 30 Ohm,Bande passante: 5 - 40.000 Hz,Poids: 290 g,Câble microphone 1 bouton SpeakEasy, câble symétrique unilatéral, étui et adaptateur 6,3 mm incl.",4.4,7
Fostex T20RP-Mk3 Headphone,            ,                133            ,    149,"Semi-ouvert,Orthodynamique,Circumaural,Impédance: 50 Ohm,Sensibilité: 92 dB,Réponse en fréquence: 15 - 35000 Hz,Niveau d'entrée max: 3000 mW,Poids sans câble: 315 g,2 câbles fournis: 1x de 1,2 m avec fiche stéréo 3,5 mm et 1x câble de 3 m avec fiche jack stéréo 6,3 mm,Idéal pour la maison et Hi-Fi",4.6,9
Mackie MC-350 Ltd White,            ,                145            ,    199,"Edition limitée,Fermé,Bande passante: 20 - 20000 Hz,Impédance: 32 Ohm,Transducteurs de 50 mm,SPL: 97 dB,Bandeau réglable de haute qualité en cuir,Coussinets en mousse à mémoire de forme,Câble interchangeable de haute qualité avec connecteur à baïonnette verrouillable,Câble droit revêtu de tissu de 300 cm incl.,Câble torsadé de 122 cm incl.,Câble droit de 122 cm avec commande téléphonique et microphone incl.,Adaptateur 1/4"" plaqué or,Poids: 370 g,Couleur: Blanc,Trousse incl.",,
Yamaha HPH-MT8,            ,                70            ,    179,"Adapté pour le studio, la production musicale et simplement écouter de la musique,Pliable,Construction du bras en trois dimensions,Oreillettes amovibles, permet l'écoute que d'un côté,Boitier en ABS épais et bras de support en aluminium moulé sous pression,Rembourrage en similicuir protéiné (synthétique),Circumaural,Fermé,Impédance: 37 Ohm,Réponse en fréquence: 15 - 28000 Hz,Puissance nominale: 1600 mW,SPL: 102 dB / mW,Transducteurs 45 mm CCAW dynamiques avec bobine mobile,Câble d'un seul côté,Cuir de haute qualité,Poids avec câble: 350 g,Couleur: Noir,Câbles droit de 1,2 m, en spirale de 3 m avec fiche mini-jack 3,5 mm (adaptateur 6,3 mm inclus) et sac de transport inclus",4.8,41
Ultrasone Performance 840,            ,                130            ,    218,"Technologie S-Logic Plus Natural Surround Sound,Blindage Mu-métal,Rayonnement réduit (standard ULE),Design Over-Ear,Fermé,Dynamique,Bande passante: 10 - 25.000 Hz,Impédance: 32 Ohm,SPL max.: 96 dB,Transducteurs 40 mm,Membranes PET,Aimants NdFeB,Coussinets en cuir protéiné,Poids avec câble: 342 g,Poids sans câble: 278 g,Câble amovible de 3 m avec fiche mini Jack 3,5 mm plaquée or incl.,Adaptateur 3,5/6,3 mm et  étui en néoprène incl.,Coussinets en velours adaptés optionnels non-fournis (N° d'article ,)",4.4,6
Superlux HD-660 Pro 32 Ohms,            ,                110            ,    38,"Circum-aural,Fermé,Dynamique,Transducteurs de 40 mm,Aimants en néodyme,SPL max.: 92 dB,Impédance: 32 Ohm,Bande passante: 10 - 30000 Hz,Cheminement de câble d'un seul côté,Câble de 2 m avec fiche mini Jack stéréo 3,5 mm,Adaptateur 3,5/6,3 mm incl.",4.4,24
Fostex T40RP-MK3 Headphone,            ,                143            ,    149,"Egalement adapté aux DJs,Fermé,Orthodynamique,Circum-aural,Impédance: 50 Ohm,Sensibilité: 91 dB,Bande passante: 20 - 35.000 Hz,Puissance admissible max: 3000 mW,Poids sans câble: 315 g,1 câble de 1,2 m avec fiche mini Jack stéréo 3,5 mm et 1 câble de 3 m avec fiche Jack stéréo 6,3 mm incl.",4.6,6
Mackie MC-450,            ,                131            ,    239,"Ouvert,Bande passante: 20 - 20000 Hz,Impédance: 54 Ohm,Transducteurs de 42 mm,SPL: 101 dB,Bandeau réglable de haute qualité en cuir,Coussinets en mousse à mémoire de forme,Câble interchangeable de haute qualité avec connecteur à baïonnette verrouillable,Câble droit revêtu de tissu de 300 cm incl.,Câble torsadé de 122 cm incl.,Câble droit de 122 cm avec commande téléphonique et microphone incl.,Adaptateur 1/4"" plaqué or,Poids: 350 g,Couleur: Noir,Trousse incl.",4,3
AIAIAI TMA-2 Studio,            ,                91            ,    229,"Construction : fermé,Circumauriculaire,Transducteurs : S05,Membranes en biocellulose,Transducteur en néodyme de haute qualité de 40 mm,Réponse en fréquence : 10 Hz - 40 kHz,Sortie maximale : 100 mW,Niveau de pression sonore : 113 dB,Impédance : 32 Ohm,Coussinets en Alcantara E08,Bandeau en nylon H04 avec rembourrage en microfibre,Câble spiralé C02,Longueur du câble : 1,5 m,Fiche mini-jack 3,5 mm,Adaptateur inclus,Poids sans câble : 280 g",5,2
